City_ID,City,Country,Date,Lat,Lng,Max Temp,Humidity,Cloudiness,Wind Speed
0,Cayenne,GF,2022-05-09 20:26:45,4.9333,-52.3333,84.24,1,75,11.5
1,Nur,PL,2022-05-09 20:31:29,52.6683,22.3221,42.39,67,56,5.53
2,Albany,US,2022-05-09 20:31:30,42.6001,-73.9662,73.33,17,0,9.78
3,Nemuro,JP,2022-05-09 20:31:31,43.3236,145.575,44.8,67,42,22.97
4,Cerrito,CO,2022-05-09 20:31:32,6.8432,-72.694,60.55,89,100,0.63
5,Ushuaia,AR,2022-05-09 20:31:32,-54.8,-68.3,44.22,81,20,19.57
6,Sao Filipe,CV,2022-05-09 20:31:33,14.8961,-24.4956,72.68,81,20,9.75
7,Clyde River,CA,2022-05-09 20:31:33,70.4692,-68.5914,23.23,86,100,29.93
8,Pevek,RU,2022-05-09 20:31:33,69.7008,170.3133,26.55,80,99,8.34
9,Hithadhoo,MV,2022-05-09 20:31:34,-0.6,73.0833,84.52,77,72,21.34
10,Kapaa,US,2022-05-09 20:28:51,22.0752,-159.319,80.58,76,40,18.41
11,Qaanaaq,GL,2022-05-09 20:31:35,77.484,-69.3632,20.68,79,45,3.04
12,Rikitea,PF,2022-05-09 20:31:35,-23.1203,-134.9692,76.12,68,14,10.22
13,Kaitangata,NZ,2022-05-09 20:31:36,-46.2817,169.8464,46.0,86,59,4.29
14,Busselton,AU,2022-05-09 20:31:36,-33.65,115.3333,55.24,88,21,2.42
15,Airai,TL,2022-05-09 20:31:37,-8.9266,125.4092,57.31,73,98,2.53
16,Provideniya,RU,2022-05-09 20:31:37,64.3833,-173.3,32.65,84,8,8.05
17,Bethel,US,2022-05-09 20:31:38,41.3712,-73.414,71.47,25,0,13.8
18,Moron,AR,2022-05-09 20:31:38,-34.6534,-58.6198,69.96,63,100,3.96
19,Punta Arenas,CL,2022-05-09 20:31:39,-53.15,-70.9167,48.22,76,20,26.46
20,Mataura,NZ,2022-05-09 20:31:39,-46.1927,168.8643,48.47,96,96,1.07
21,Castro,BR,2022-05-09 20:31:40,-24.7911,-50.0119,61.14,82,85,4.59
22,Carnarvon,AU,2022-05-09 20:31:40,-24.8667,113.6333,66.27,68,98,8.05
23,Winnemucca,US,2022-05-09 20:31:41,40.973,-117.7357,42.85,56,40,20.71
24,Peniche,PT,2022-05-09 20:31:41,39.3558,-9.3811,61.29,90,76,12.62
25,Husavik,IS,2022-05-09 20:31:42,66.0449,-17.3389,37.94,97,100,9.08
26,Jamestown,US,2022-05-09 20:30:27,42.097,-79.2353,75.52,20,0,4.61
27,At-Bashi,KG,2022-05-09 20:31:42,41.1702,75.8106,61.25,41,75,1.43
28,Mastung,PK,2022-05-09 20:31:43,29.7994,66.845,73.56,15,37,2.46
29,Rio Gallegos,AR,2022-05-09 20:31:43,-51.6226,-69.2181,50.05,71,0,20.71
30,Whitehorse,CA,2022-05-09 20:30:26,60.7161,-135.0538,54.37,20,75,18.41
31,Sao Felix Do Xingu,BR,2022-05-09 20:31:44,-6.6447,-51.995,80.28,72,53,1.43
32,Lavrentiya,RU,2022-05-09 20:31:45,65.5833,-171.0,29.28,79,11,4.16
33,Avarua,CK,2022-05-09 20:31:45,-21.2078,-159.775,81.34,78,65,13.58
34,Dhidhdhoo,MV,2022-05-09 20:31:46,6.8833,73.1,85.15,72,100,21.47
35,New Norfolk,AU,2022-05-09 20:31:46,-42.7826,147.0587,44.92,82,49,1.01
36,Kikwit,CD,2022-05-09 20:31:46,-5.041,18.8162,74.84,84,55,0.6
37,Ostrovnoy,RU,2022-05-09 20:31:47,68.0531,39.5131,32.34,80,9,19.3
38,Moissala,TD,2022-05-09 20:31:47,8.3404,17.7663,82.89,51,60,4.34
39,Pestovo,RU,2022-05-09 20:31:49,58.5938,35.8024,33.55,69,8,6.42
40,Tuktoyaktuk,CA,2022-05-09 20:31:50,69.4541,-133.0374,39.2,65,100,11.5
41,Akdagmadeni,TR,2022-05-09 20:31:50,39.6603,35.8836,38.95,89,5,3.78
42,Mar Del Plata,AR,2022-05-09 20:31:52,-38.0023,-57.5575,55.94,81,75,12.66
43,Skibbereen,IE,2022-05-09 20:31:52,51.55,-9.2667,54.1,85,100,15.14
44,Yumen,CN,2022-05-09 20:31:52,40.2833,97.2,53.06,26,100,9.35
45,Isabela,PH,2022-05-09 20:32:53,6.7085,121.9711,80.06,86,100,5.82
46,Barrow,US,2022-05-09 20:28:05,71.2906,-156.7887,30.22,93,100,11.5
47,Goderich,CA,2022-05-09 20:32:54,43.7501,-81.7165,71.92,23,40,12.66
48,Lepaterique,HN,2022-05-09 20:32:54,14.0667,-87.4667,62.2,79,100,1.83
49,Kaeo,NZ,2022-05-09 20:32:55,-35.1,173.7833,54.32,96,17,5.1
50,Geraldton,AU,2022-05-09 20:32:55,-28.7667,114.6,61.21,88,99,9.22
51,Butaritari,KI,2022-05-09 20:32:56,3.0707,172.7902,81.3,75,16,19.8
52,Vostok,RU,2022-05-09 20:32:56,46.4856,135.8833,45.21,59,1,5.99
53,Vao,NC,2022-05-09 20:32:57,-22.6667,167.4833,74.7,62,93,16.28
54,Mujiayingzi,CN,2022-05-09 20:32:57,42.1167,118.7833,43.3,69,15,7.14
55,Labuhan,ID,2022-05-09 20:32:58,-6.8844,112.2051,79.61,88,100,6.91
56,Bowen,AU,2022-05-09 20:32:58,-20.0167,148.2333,75.65,84,99,21.12
57,Tezu,IN,2022-05-09 20:32:59,27.9167,96.1667,70.43,86,25,3.71
58,Raton,US,2022-05-09 20:32:59,36.9034,-104.4391,82.74,7,0,33.38
59,Hilo,US,2022-05-09 20:30:44,19.7297,-155.09,83.28,63,20,5.99
60,Hobyo,SO,2022-05-09 20:33:00,5.3505,48.5268,83.17,70,99,17.87
61,Esperance,AU,2022-05-09 20:33:01,-33.8667,121.9,57.04,44,34,15.14
62,Qui Nhon,VN,2022-05-09 20:33:01,13.7667,109.2333,76.6,90,56,3.44
63,Hobart,AU,2022-05-09 20:33:02,-42.8794,147.3294,45.27,89,0,9.22
64,Gravdal,NO,2022-05-09 20:33:02,68.1214,13.5031,41.88,97,100,25.88
65,Itarema,BR,2022-05-09 20:33:03,-2.9248,-39.9167,75.7,94,100,5.82
66,Ushtobe,KZ,2022-05-09 20:33:04,45.2514,77.9838,57.92,30,71,12.64
67,Cockburn Town,TC,2022-05-09 20:33:04,21.4612,-71.1419,79.9,75,100,4.47
68,Cape Town,ZA,2022-05-09 20:33:05,-33.9258,18.4232,55.11,86,0,0.0
69,Marsh Harbour,BS,2022-05-09 20:33:05,26.5412,-77.0636,75.33,69,64,16.02
70,Tasiilaq,GL,2022-05-09 20:33:06,65.6145,-37.6368,35.76,65,94,4.85
71,Kamenka,RU,2022-05-09 20:33:07,51.3223,42.7678,40.5,85,68,13.62
72,Japura,ID,2022-05-09 20:33:07,-0.3167,102.35,75.65,98,99,1.81
73,Egvekinot,RU,2022-05-09 20:33:08,66.3167,-179.1667,21.52,95,68,6.08
74,Okato,NZ,2022-05-09 20:33:09,-39.2,173.8833,57.18,88,51,14.0
75,Khatanga,RU,2022-05-09 20:33:09,71.9667,102.5,32.97,98,100,17.25
76,Dalvik,IS,2022-05-09 20:33:10,65.9702,-18.5286,40.93,99,100,8.93
77,Nador,MA,2022-05-09 20:33:10,35.174,-2.9287,66.45,77,0,3.44
78,Tiksi,RU,2022-05-09 20:33:12,71.6872,128.8694,11.39,89,75,10.96
79,Mahebourg,MU,2022-05-09 20:33:13,-20.4081,57.7,74.25,94,40,1.14
80,Hofn,IS,2022-05-09 20:33:13,64.2539,-15.2082,46.96,79,100,3.13
81,Owando,CG,2022-05-09 20:33:14,-0.4819,15.8999,74.71,86,64,1.9
82,Atuona,PF,2022-05-09 20:33:14,-9.8,-139.0333,78.84,79,19,18.14
83,Aguia Branca,BR,2022-05-09 20:33:15,-18.9831,-40.7403,71.06,73,96,4.59
84,Coquimbo,CL,2022-05-09 20:33:15,-29.9533,-71.3436,64.13,63,0,11.5
85,Bratskoye,RU,2022-05-09 20:33:16,43.6536,44.8889,50.14,74,97,8.86
86,Alofi,NU,2022-05-09 20:31:55,-19.0595,-169.9187,78.69,78,40,9.22
87,Pokhara,NP,2022-05-09 20:33:17,28.2333,83.9833,67.68,75,25,6.91
88,Ribeira Grande,PT,2022-05-09 20:33:18,38.5167,-28.7,66.6,77,20,1.14
89,Madera,US,2022-05-09 20:33:18,37.1666,-119.8343,63.86,21,2,9.46
90,Saldanha,ZA,2022-05-09 20:33:19,-33.0117,17.9442,48.25,82,80,6.33
91,Conde,BR,2022-05-09 20:30:50,-7.2597,-34.9075,76.46,83,75,17.27
92,Ahipara,NZ,2022-05-09 20:34:20,-35.1667,173.1667,63.39,81,22,10.2
93,Zhangjiakou,CN,2022-05-09 20:34:21,40.81,114.8794,46.81,68,4,4.79
94,Campoverde,PE,2022-05-09 20:34:21,-8.4753,-74.8058,91.09,45,74,3.33
95,Bluff,NZ,2022-05-09 20:34:22,-46.6,168.3333,48.79,72,71,6.4
96,Mitrofanovka,RU,2022-05-09 20:34:22,49.9708,39.6939,39.4,86,2,7.45
97,Ponta Delgada,PT,2022-05-09 20:34:23,37.7333,-25.6667,65.12,72,20,6.91
98,Savanur,IN,2022-05-09 20:30:03,14.9667,75.35,76.1,79,100,13.53
99,Port Elizabeth,ZA,2022-05-09 20:30:31,-33.918,25.5701,61.32,92,0,3.44
100,Waipawa,NZ,2022-05-09 20:34:24,-41.4122,175.5153,51.49,79,100,13.89
101,Caapucu,PY,2022-05-09 20:34:25,-26.2167,-57.2,65.03,85,100,6.67
102,Ardakan,IR,2022-05-09 20:34:26,32.31,54.0175,70.38,16,0,8.08
103,Tigtabon,PH,2022-05-09 20:34:26,6.8956,122.1669,81.28,81,100,4.76
104,Chuy,UY,2022-05-09 20:34:27,-33.6971,-53.4616,61.86,92,94,6.73
105,Norman Wells,CA,2022-05-09 20:34:27,65.282,-126.8329,42.84,39,20,18.41
106,Swift Current,CA,2022-05-09 20:34:28,50.2834,-107.8014,49.01,61,100,11.5
107,Lalibela,ET,2022-05-09 20:34:28,12.0333,39.0333,64.74,57,74,6.4
108,Chapais,CA,2022-05-09 20:32:47,49.7834,-74.8492,69.58,45,99,6.58
109,Upernavik,GL,2022-05-09 20:34:29,72.7868,-56.1549,26.62,91,100,3.65
110,Port Alfred,ZA,2022-05-09 20:34:29,-33.5906,26.891,62.49,79,11,4.83
111,Saint-Philippe,RE,2022-05-09 20:34:31,-21.3585,55.7679,71.19,82,17,5.73
112,Valparaiso,CL,2022-05-09 20:34:14,-33.0393,-71.6273,71.83,64,0,16.11
113,Rivadavia,AR,2022-05-09 20:34:32,-33.1905,-68.4608,72.43,41,21,7.18
114,Morondava,MG,2022-05-09 20:34:34,-20.2833,44.2833,73.53,75,0,8.99
115,Yellowknife,CA,2022-05-09 20:34:34,62.456,-114.3525,27.12,59,75,21.85
116,Bengkulu,ID,2022-05-09 20:34:35,-3.8004,102.2655,77.83,83,92,2.82
117,Anadyr,RU,2022-05-09 20:34:35,64.75,177.4833,34.3,69,0,11.18
118,Gat,IL,2022-05-09 20:34:36,31.61,34.7642,74.39,58,0,7.74
119,Sao Gabriel Da Cachoeira,BR,2022-05-09 20:34:36,-0.1303,-67.0892,76.64,88,100,2.15
120,Nicoya,CR,2022-05-09 20:34:37,10.1483,-85.452,87.12,63,66,5.97
121,Lompoc,US,2022-05-09 20:34:37,34.6391,-120.4579,72.57,51,0,27.0
122,Katsuura,JP,2022-05-09 20:34:38,35.1333,140.3,55.42,87,100,17.09
123,Narsaq,GL,2022-05-09 20:34:38,60.9167,-46.05,53.82,79,7,4.29
124,Bandarbeyla,SO,2022-05-09 20:34:39,9.4942,50.8122,82.51,85,80,4.36
125,Vaini,TO,2022-05-09 20:34:39,-21.2,-175.2,71.76,68,20,6.91
126,Boda,CF,2022-05-09 20:34:40,4.3189,17.4695,73.26,70,34,1.16
127,Copperas Cove,US,2022-05-09 20:34:41,31.1241,-97.9031,95.56,51,40,19.57
128,Constitucion,CL,2022-05-09 20:33:08,-35.3333,-72.4167,59.61,82,95,11.5
129,Saint George,US,2022-05-09 20:31:15,37.1041,-113.5841,72.63,10,0,7.0
130,Tuatapere,NZ,2022-05-09 20:34:42,-46.1333,167.6833,47.97,86,85,3.02
131,Shelopugino,RU,2022-05-09 20:34:42,51.6514,117.5599,30.76,91,77,8.81
132,Kodiak,US,2022-05-09 20:34:43,57.79,-152.4072,45.91,46,40,14.97
133,Arraial Do Cabo,BR,2022-05-09 20:34:43,-22.9661,-42.0278,75.06,60,20,6.91
134,Nikolskoye,RU,2022-05-09 20:35:44,59.7035,30.7861,41.72,79,9,4.47
135,Sovetskaya,RU,2022-05-09 20:35:44,44.7769,41.1722,44.65,85,21,7.65
136,Vagur,FO,2022-05-09 20:35:45,61.4732,-6.8119,46.45,96,89,12.91
137,Kamaishi,JP,2022-05-09 20:35:45,39.2667,141.8833,48.78,65,0,5.32
138,Koslan,RU,2022-05-09 20:35:46,63.4564,48.8989,32.29,91,100,5.06
139,Vila Velha,BR,2022-05-09 20:35:46,-20.3297,-40.2925,76.95,61,0,12.66
140,Mayor Pablo Lagerenza,PY,2022-05-09 20:35:47,-19.9309,-60.7718,78.35,63,100,6.29
141,Big Spring,US,2022-05-09 20:35:48,32.2504,-101.4787,99.23,4,0,23.02
142,Sabang,ID,2022-05-09 20:35:48,5.8933,95.3214,84.25,74,98,14.88
143,Hermanus,ZA,2022-05-09 20:31:53,-34.4187,19.2345,58.14,72,68,5.26
144,Guatire,VE,2022-05-09 20:35:49,10.4762,-66.5427,82.2,88,96,2.66
145,Matara,LK,2022-05-09 20:35:49,5.9485,80.5353,81.07,83,99,14.36
146,Hamilton,US,2022-05-09 20:35:30,39.1834,-84.5333,79.11,46,20,11.5
147,Igdir,TR,2022-05-09 20:35:50,39.9237,44.045,55.33,80,97,2.08
148,Puerto Escondido,MX,2022-05-09 20:35:51,15.85,-97.0667,88.63,70,0,8.05
149,Novikovo,RU,2022-05-09 20:35:51,51.1537,37.8879,41.47,64,3,10.98
150,Espanola,US,2022-05-09 20:35:51,35.9911,-106.0806,83.71,7,0,10.0
151,Havoysund,NO,2022-05-09 20:35:52,70.9963,24.6622,34.03,89,99,1.97
152,Caravelas,BR,2022-05-09 20:35:53,-17.7125,-39.2481,71.58,87,12,11.16
153,Asyut,EG,2022-05-09 20:35:53,27.181,31.1837,82.58,17,85,10.07
154,La Romana,DO,2022-05-09 20:32:53,18.4273,-68.9728,86.36,70,20,11.5
155,Brigham City,US,2022-05-09 20:35:54,41.5102,-112.0155,48.65,32,75,11.01
156,Dargaville,NZ,2022-05-09 20:35:54,-35.9333,173.8833,62.29,83,19,8.12
157,Roermond,NL,2022-05-09 20:35:55,51.1833,5.9833,67.26,63,100,6.17
158,Dikson,RU,2022-05-09 20:35:55,73.5069,80.5464,6.96,96,46,9.48
159,Yabelo,ET,2022-05-09 20:35:56,4.8833,38.0833,58.66,86,74,4.16
160,Rockport,US,2022-05-09 20:35:24,28.0206,-97.0544,91.42,78,40,19.57
161,Charters Towers,AU,2022-05-09 20:35:56,-20.1,146.2667,67.82,92,98,12.21
162,Viedma,AR,2022-05-09 20:35:57,-40.8135,-62.9967,59.14,44,55,13.49
163,Quatre Cocos,MU,2022-05-09 20:35:57,-20.2078,57.7625,74.08,83,27,7.45
164,Frontera,MX,2022-05-09 20:35:01,26.9333,-101.45,96.55,23,0,11.5
165,Jizan,SA,2022-05-09 20:35:58,17.3333,42.6667,86.94,65,3,3.31
166,Puerto Ayora,EC,2022-05-09 20:35:59,-0.7393,-90.3518,80.56,73,76,8.39
167,East London,ZA,2022-05-09 20:35:59,-33.0153,27.9116,62.73,73,7,4.9
168,Winslow,US,2022-05-09 20:32:06,35.0242,-110.6974,78.98,9,0,31.07
169,Longonjo,AO,2022-05-09 20:36:00,-12.9067,15.2533,64.81,63,32,2.46
170,Codrington,AU,2022-05-09 20:36:00,-38.2667,141.9667,44.35,84,7,5.95
171,Balykshi,KZ,2022-05-09 20:36:01,47.0667,51.8667,48.2,100,100,20.13
172,Sorland,NO,2022-05-09 20:36:01,67.667,12.6934,42.66,96,100,29.48
173,Sicuani,PE,2022-05-09 20:36:02,-14.2694,-71.2261,58.68,33,13,9.24
174,Porto Velho,BR,2022-05-09 20:32:22,-8.7619,-63.9039,80.65,83,75,2.3
175,Moindou,NC,2022-05-09 20:36:03,-21.6924,165.677,73.17,72,55,3.98
176,Bathsheba,BB,2022-05-09 20:36:04,13.2167,-59.5167,84.81,70,20,13.8
177,San Patricio,US,2022-05-09 20:37:04,28.017,-97.5169,91.49,55,2,20.89
178,Pingliang,CN,2022-05-09 20:37:05,35.5392,106.6861,49.48,89,78,4.79
179,Goundi,TD,2022-05-09 20:37:05,9.3627,17.366,91.2,32,100,3.51
180,Yabrud,SY,2022-05-09 20:37:06,33.9674,36.6574,55.18,38,1,4.83
181,Te Anau,NZ,2022-05-09 20:37:07,-45.4167,167.7167,44.06,90,26,2.08
182,Hakodate,JP,2022-05-09 20:37:08,41.7758,140.7367,47.64,73,0,6.46
183,Semenivka,UA,2022-05-09 20:37:09,52.1783,32.5818,39.94,64,1,7.65
184,Seymchan,RU,2022-05-09 20:37:09,62.8833,152.4333,32.58,71,56,3.04
185,Santa Rosalia,MX,2022-05-09 20:37:10,27.3167,-112.2833,80.42,31,0,4.47
186,Madinat Sittah Uktubar,EG,2022-05-09 20:37:10,29.8167,31.05,73.0,47,0,15.32
187,Ilulissat,GL,2022-05-09 20:37:11,69.2167,-51.1,26.62,93,75,10.36
188,Leningradskiy,RU,2022-05-09 20:37:13,69.3833,178.4167,23.4,83,53,7.45
189,Raudeberg,NO,2022-05-09 20:37:13,61.9875,5.1352,51.96,44,100,22.79
190,Mount Gambier,AU,2022-05-09 20:37:15,-37.8333,140.7667,35.51,93,19,0.0
191,Margate,GB,2022-05-09 20:37:15,51.3813,1.3862,60.87,63,100,3.0
192,Real,PH,2022-05-09 20:37:16,14.6625,121.6047,78.84,88,30,6.91
193,Hambantota,LK,2022-05-09 20:37:16,6.1241,81.1185,81.34,82,100,19.46
194,Maues,BR,2022-05-09 20:37:17,-3.3836,-57.7186,78.15,94,96,1.48
195,Sibiti,CG,2022-05-09 20:37:17,-3.6819,13.3499,71.55,96,100,2.06
196,Bundaberg,AU,2022-05-09 20:37:18,-24.85,152.35,68.29,99,100,13.8
197,Yulara,AU,2022-05-09 20:37:19,-25.2406,130.9889,48.04,53,0,10.36
198,Bredasdorp,ZA,2022-05-09 20:37:19,-34.5322,20.0403,53.8,83,66,4.47
199,Praia,CV,2022-05-09 20:37:20,14.9215,-23.5087,73.94,73,75,18.41
200,Wuwei,CN,2022-05-09 20:37:20,37.9281,102.6414,61.25,38,98,7.87
201,Lashio,MM,2022-05-09 20:37:21,22.9333,97.75,68.32,97,100,1.12
202,Broome,US,2022-05-09 20:37:21,42.2506,-75.833,72.37,19,0,11.5
203,Deputatskiy,RU,2022-05-09 20:37:22,69.3,139.9,12.06,88,99,7.9
204,Westport,US,2022-05-09 20:32:59,41.1415,-73.3579,72.73,14,0,14.97
205,Americus,US,2022-05-09 20:33:30,32.0724,-84.2327,73.53,46,0,6.91
206,Vila Franca Do Campo,PT,2022-05-09 20:37:23,37.7167,-25.4333,64.81,77,1,3.96
207,Marawi,PH,2022-05-09 20:37:23,7.9986,124.2928,70.07,93,98,1.48
208,Linxia,CN,2022-05-09 20:37:24,35.6003,103.2064,53.94,42,74,2.68
209,Amot,NO,2022-05-09 20:37:24,59.5714,7.9877,44.13,53,100,5.73
210,Port Macquarie,AU,2022-05-09 20:37:25,-31.4333,152.9167,54.9,81,91,5.41
211,San Andres,CO,2022-05-09 20:37:26,12.5847,-81.7006,86.02,74,40,9.22
212,Capoterra,IT,2022-05-09 20:37:26,39.1763,8.9718,62.31,83,0,3.44
213,Iracoubo,GF,2022-05-09 20:37:27,5.4802,-53.2011,78.62,84,13,9.8
214,Thompson,CA,2022-05-09 20:33:45,55.7435,-97.8558,62.76,48,40,5.75
215,Buala,SB,2022-05-09 20:37:28,-8.145,159.5921,82.49,82,61,9.89
216,Iqaluit,CA,2022-05-09 20:37:28,63.7506,-68.5145,33.53,86,100,4.61
217,Aksu,CN,2022-05-09 20:37:29,41.1231,80.2644,73.63,25,4,4.14
218,Sisimiut,GL,2022-05-09 20:37:29,66.9395,-53.6735,30.65,97,100,25.59
219,Kokopo,PG,2022-05-09 20:37:30,-4.352,152.2633,79.75,76,86,1.41
220,Nortelandia,BR,2022-05-09 20:37:30,-14.4547,-56.8028,84.43,49,47,3.31
221,Kovdor,RU,2022-05-09 20:37:31,67.5662,30.4758,35.33,85,100,11.43
222,Bambous Virieux,MU,2022-05-09 20:37:31,-20.3428,57.7575,74.21,94,40,1.14
223,Botwood,CA,2022-05-09 20:37:32,49.1499,-55.3482,49.89,37,0,5.93
224,Xining,CN,2022-05-09 20:38:32,36.6167,101.7667,52.3,60,100,2.71
225,Los Llanos De Aridane,ES,2022-05-09 20:38:33,28.6585,-17.9182,66.13,91,0,11.5
226,Vestmannaeyjar,IS,2022-05-09 20:38:33,63.4427,-20.2734,46.9,81,100,4.21
227,Vanavara,RU,2022-05-09 20:38:34,60.34,102.2797,24.93,92,63,2.95
228,Krasnogvardeyets,RU,2022-05-09 20:38:34,52.6804,52.3635,49.69,93,100,13.44
229,Bubaque,GW,2022-05-09 20:38:35,11.2833,-15.8333,78.08,82,37,13.53
230,Lasa,IT,2022-05-09 20:38:35,46.6166,10.7002,58.08,94,81,1.16
231,Port Hardy,CA,2022-05-09 20:38:36,50.6996,-127.4199,51.8,81,75,8.05
232,Kavarna,BG,2022-05-09 20:38:36,43.4333,28.3333,51.28,98,5,4.29
233,Grindavik,IS,2022-05-09 20:38:37,63.8424,-22.4338,49.95,81,20,12.66
234,Fomboni,KM,2022-05-09 20:38:37,-12.28,43.7425,81.99,75,37,16.78
235,San Policarpo,PH,2022-05-09 20:38:38,12.1791,125.5072,80.28,84,100,10.38
236,Tautira,PF,2022-05-09 20:38:38,-17.7333,-149.15,81.05,77,40,12.86
237,Severo-Kurilsk,RU,2022-05-09 20:38:39,50.6789,156.125,38.25,87,100,15.95
238,Sola,VU,2022-05-09 20:38:39,-13.8833,167.55,81.28,76,28,25.17
239,Padang,ID,2022-05-09 20:38:40,-0.9492,100.3543,79.41,84,100,3.29
240,Ambilobe,MG,2022-05-09 20:38:40,-13.2,49.05,72.54,93,5,2.98
241,Sitka,US,2022-05-09 20:38:41,57.0531,-135.33,51.69,66,20,17.27
242,Olovyannaya,RU,2022-05-09 20:38:41,50.95,115.5667,28.81,86,97,17.98
243,Belen,TR,2022-05-09 20:38:42,36.4891,36.2233,59.14,72,40,14.97
244,Filadelfia,US,2022-05-09 20:37:17,39.9523,-75.1638,72.16,21,20,14.97
245,Ponta Do Sol,PT,2022-05-09 20:38:43,32.6667,-17.1,74.03,45,50,7.0
246,Maragogi,BR,2022-05-09 20:38:43,-9.0122,-35.2225,77.45,73,100,7.52
247,Nouadhibou,MR,2022-05-09 20:38:44,20.931,-17.0347,67.98,88,100,16.11
248,Vardo,NO,2022-05-09 20:38:44,70.3705,31.1107,35.58,80,75,2.3
249,George Town,MY,2022-05-09 20:37:54,5.4112,100.3354,85.95,93,40,2.3
250,Escarcega,MX,2022-05-09 20:38:45,18.6089,-90.7454,108.54,18,89,4.45
251,Abha,SA,2022-05-09 20:36:38,18.2164,42.5053,69.62,46,20,0.0
252,Slobidka,UA,2022-05-09 20:38:45,47.8869,29.3461,47.52,64,31,7.14
253,Vilhena,BR,2022-05-09 20:38:46,-12.7406,-60.1458,86.22,48,0,8.05
254,Nome,US,2022-05-09 20:38:46,64.5011,-165.4064,32.11,74,40,16.11
255,Amilly,FR,2022-05-09 20:34:33,47.9728,2.7719,64.06,74,51,5.32
256,Kruisfontein,ZA,2022-05-09 20:38:47,-34.0033,24.7314,52.88,72,22,5.19
257,Ormara,PK,2022-05-09 20:38:47,25.2088,64.6357,81.9,84,0,3.78
258,Altay,CN,2022-05-09 20:38:48,47.8667,88.1167,45.84,24,5,7.34
259,Deer Lake,CA,2022-05-09 20:36:25,49.1667,-57.4316,57.06,26,20,5.75
260,Isetskoye,RU,2022-05-09 20:38:49,56.4858,65.3226,50.85,42,79,7.87
261,Kavieng,PG,2022-05-09 20:38:49,-2.5744,150.7967,82.92,78,100,17.98
262,Tiarei,PF,2022-05-09 20:38:50,-17.5333,-149.3333,86.02,77,13,12.75
263,Bassano,CA,2022-05-09 20:38:50,50.7834,-112.4685,49.64,38,100,5.14
264,Buraydah,SA,2022-05-09 20:38:51,26.326,43.975,81.05,13,10,10.42
265,Kushima,JP,2022-05-09 20:38:51,31.4583,131.2333,65.68,92,100,10.87
266,Pandan Niog,PH,2022-05-09 20:38:51,6.2282,120.5631,83.17,72,100,2.73
267,Sambava,MG,2022-05-09 20:38:52,-14.2667,50.1667,74.97,89,9,5.46
268,Thabazimbi,ZA,2022-05-09 20:38:52,-24.5917,27.4116,60.26,52,0,2.37
269,Awbari,LY,2022-05-09 20:38:53,26.5921,12.7805,77.0,17,54,6.91
270,Shizuishan,CN,2022-05-09 20:39:53,39.2333,106.7694,62.49,33,32,7.52
271,Longyearbyen,SJ,2022-05-09 20:35:40,78.2186,15.6401,17.44,62,40,11.5
272,Ust-Kuyga,RU,2022-05-09 20:39:54,70.0167,135.6,11.84,92,94,3.24
273,Lodja,CD,2022-05-09 20:39:55,-3.4833,23.4333,72.57,85,91,0.83
274,Boyabat,TR,2022-05-09 20:39:55,41.4689,34.7667,46.33,84,0,1.9
275,Aykhal,RU,2022-05-09 20:39:55,66.0,111.5,9.72,94,72,7.29
276,Miyako,JP,2022-05-09 20:39:56,39.6367,141.9525,48.92,59,0,5.06
277,Lebu,CL,2022-05-09 20:39:56,-37.6167,-73.65,54.68,84,85,13.6
278,Sur,OM,2022-05-09 20:39:57,22.5667,59.5289,86.31,53,0,9.44
279,Mount Isa,AU,2022-05-09 20:39:57,-20.7333,139.5,67.77,94,75,6.91
280,Hervey Bay,AU,2022-05-09 20:39:58,-25.2986,152.8535,68.02,94,100,4.0
281,Moose Factory,CA,2022-05-09 20:39:58,51.2585,-80.6094,71.6,24,40,9.22
282,Wewak,PG,2022-05-09 20:40:00,-3.5534,143.6268,80.35,86,40,6.06
283,Talnakh,RU,2022-05-09 20:40:00,69.4865,88.3972,36.21,97,100,12.62
284,Antalaha,MG,2022-05-09 20:40:01,-14.9003,50.2788,73.78,90,32,3.6
285,Kitimat,CA,2022-05-09 20:40:01,54.0524,-128.6534,55.78,61,99,4.0
286,Zhanakorgan,KZ,2022-05-09 20:40:02,43.9098,67.2495,68.81,69,2,12.37
287,Pangnirtung,CA,2022-05-09 20:40:02,66.1451,-65.7125,24.8,86,75,18.41
288,Olafsvik,IS,2022-05-09 20:40:04,64.8945,-23.7142,39.65,83,100,20.15
289,Pisco,PE,2022-05-09 20:38:18,-13.7,-76.2167,71.65,64,59,24.16
290,Velka Bites,CZ,2022-05-09 20:40:05,49.2884,16.2274,56.35,68,17,4.16
291,Zeya,RU,2022-05-09 20:40:05,53.75,127.2667,54.18,43,100,9.19
292,Freeport,US,2022-05-09 20:36:20,40.6576,-73.5832,72.95,20,20,20.71
293,Northam,GB,2022-05-09 20:40:06,51.0333,-4.2167,58.39,90,100,13.4
294,Tucurui,BR,2022-05-09 20:40:06,-3.7661,-49.6725,78.46,87,79,1.43
295,Muisne,EC,2022-05-09 20:40:07,0.6,-80.0333,77.72,83,100,6.87
296,Samana,DO,2022-05-09 20:40:08,19.2056,-69.3369,89.82,62,20,4.61
297,Shellbrook,CA,2022-05-09 20:40:08,53.2168,-106.4011,58.23,35,8,6.69
298,Miles City,US,2022-05-09 20:40:09,46.4083,-105.8406,52.77,54,100,16.11
299,Arandis,NA,2022-05-09 20:40:09,-22.4167,14.9667,72.43,27,0,5.44
300,Mlowo,TZ,2022-05-09 20:40:10,-9.0,32.9833,56.26,83,73,5.01
301,Sao Joao Da Barra,BR,2022-05-09 20:40:10,-21.6403,-41.0511,75.29,65,21,12.55
302,Chokurdakh,RU,2022-05-09 20:40:11,70.6333,147.9167,25.07,96,100,11.25
303,San Carlos De Bariloche,AR,2022-05-09 20:40:12,-41.1456,-71.3082,53.35,47,0,14.97
304,Maraba,BR,2022-05-09 20:40:13,-5.3686,-49.1178,87.98,66,20,0.0
305,Lata,PT,2022-05-09 20:40:14,40.1629,-8.3327,58.77,74,57,2.06
306,Taksimo,RU,2022-05-09 20:40:14,56.3444,114.8794,30.18,68,100,5.46
307,Nisia Floresta,BR,2022-05-09 20:40:15,-6.0911,-35.2086,79.18,82,44,11.34
308,Saint-Louis,SN,2022-05-09 20:40:15,16.3333,-15.0,83.25,41,43,12.88
309,Scarborough,GB,2022-05-09 20:40:16,54.2797,-0.4044,63.97,69,100,7.0
310,Camacha,PT,2022-05-09 20:40:17,33.0833,-16.3333,62.02,88,20,14.97
311,Kurilsk,RU,2022-05-09 20:40:17,45.2333,147.8833,39.38,80,100,9.01
312,Krasnoarmeysk,RU,2022-05-09 20:40:18,51.0239,45.6969,44.11,81,98,18.03
313,Grand Gaube,MU,2022-05-09 20:40:18,-20.0064,57.6608,73.8,85,24,11.03
314,Bara,NG,2022-05-09 20:40:19,10.3744,10.7288,81.14,64,71,15.48
315,Waycross,US,2022-05-09 20:40:19,31.2136,-82.354,75.43,46,0,6.91
316,Calabozo,VE,2022-05-09 20:40:20,8.9242,-67.4293,87.78,55,95,5.73
317,Udachnyy,RU,2022-05-09 20:40:20,66.4167,112.4,9.28,94,87,5.41
318,Karakol,KG,2022-05-09 20:40:21,42.4907,78.3936,57.06,39,7,4.54
319,Rawson,AR,2022-05-09 20:41:22,-43.3002,-65.1023,61.12,38,2,3.2
320,Chake Chake,TZ,2022-05-09 20:41:22,-5.2459,39.7666,78.85,84,22,11.12
321,Tabuk,PH,2022-05-09 20:41:23,17.4189,121.4443,72.9,87,3,4.29
322,Komsomolskiy,UZ,2022-05-09 20:41:23,40.4272,71.7189,75.61,44,92,4.41
323,Kuytun,RU,2022-05-09 20:41:24,54.3419,101.5036,29.91,50,96,4.68
324,Sam Roi Yot,TH,2022-05-09 20:41:24,12.2708,99.872,79.97,93,100,2.71
325,Stornoway,GB,2022-05-09 20:41:25,58.2093,-6.3865,51.76,89,40,18.41
326,Umm Kaddadah,SD,2022-05-09 20:41:25,13.6017,26.6876,85.78,8,61,11.83
327,Kaspiyskiy,RU,2022-05-09 20:41:26,45.3929,47.3707,50.7,79,85,11.12
328,Nanortalik,GL,2022-05-09 20:41:26,60.1432,-45.2371,36.32,86,31,8.03
329,Linhares,BR,2022-05-09 20:41:13,-19.3911,-40.0722,72.03,66,50,8.21
330,Bayburt,TR,2022-05-09 20:41:27,40.2589,40.2278,40.28,72,94,2.77
331,Springfield,US,2022-05-09 20:36:29,37.2153,-93.2982,89.11,59,0,21.85
332,Petropavlovsk-Kamchatskiy,RU,2022-05-09 20:41:28,53.0452,158.6483,37.99,93,75,4.47
333,Jagtial,IN,2022-05-09 20:41:28,18.8,78.9333,91.02,23,82,6.64
334,Solwezi,ZM,2022-05-09 20:41:29,-12.1688,26.3894,65.57,65,87,2.44
335,Georgetown,MY,2022-05-09 20:38:11,5.4112,100.3354,85.95,93,40,2.3
336,Feldbach,AT,2022-05-09 20:41:29,46.9531,15.8883,59.83,91,25,3.27
337,Oksfjord,NO,2022-05-09 20:41:30,70.2396,22.3479,37.47,99,100,1.36
338,Murwillumbah,AU,2022-05-09 20:41:31,-28.3167,153.4,64.98,88,100,5.75
339,Belaya Gora,RU,2022-05-09 20:41:31,68.5333,146.4167,24.3,84,100,15.97
340,Barra De Sao Francisco,BR,2022-05-09 20:41:32,-18.755,-40.8908,68.43,80,75,4.45
341,Ostersund,SE,2022-05-09 20:41:33,63.1792,14.6357,52.25,50,100,5.75
342,Bereda,ES,2022-05-09 20:41:34,43.2686,-7.5406,61.14,82,100,1.32
343,Vestmanna,FO,2022-05-09 20:41:34,62.1564,-7.1664,45.52,100,75,8.05
344,Faanui,PF,2022-05-09 20:41:35,-16.4833,-151.75,81.54,76,4,14.56
345,Lukovetskiy,RU,2022-05-09 20:41:35,64.2956,41.9211,28.74,89,50,0.56
346,Maniitsoq,GL,2022-05-09 20:41:35,65.4167,-52.9,31.06,96,100,12.82
347,Fukue,JP,2022-05-09 20:41:36,32.6881,128.8419,64.92,77,100,8.39
348,San Cristobal,VE,2022-05-09 20:41:36,7.7669,-72.225,80.78,62,75,5.41
349,Vrangel,RU,2022-05-09 20:41:37,42.7297,133.0839,49.24,53,0,4.47
350,Berezovyy,RU,2022-05-09 20:41:37,51.6667,135.7,39.96,93,77,2.3
351,Alta Floresta,BR,2022-05-09 20:41:38,-9.8756,-56.0861,89.42,66,20,5.75
352,Luwingu,ZM,2022-05-09 20:41:38,-10.2621,29.9271,60.66,76,53,4.14
353,Xichang,CN,2022-05-09 20:41:39,27.8964,102.2634,58.77,93,70,1.36
354,Korla,CN,2022-05-09 20:41:39,41.7597,86.1469,70.88,35,1,8.23
355,Guerrero Negro,MX,2022-05-09 20:41:40,27.9769,-114.0611,66.6,57,0,21.68
356,Gobabis,NA,2022-05-09 20:41:40,-22.45,18.9667,57.07,28,0,9.66
357,Partenit,UA,2022-05-09 20:41:41,44.578,34.3446,54.86,69,23,9.91
358,Cherskiy,RU,2022-05-09 20:41:41,68.75,161.3,35.33,75,100,20.42
359,Weston,US,2022-05-09 20:41:42,26.1004,-80.3998,86.02,65,40,14.97
360,Victoria,HK,2022-05-09 20:39:06,22.2855,114.1577,78.33,91,100,10.0
361,Chernyshevskiy,RU,2022-05-09 20:41:43,63.0128,112.4714,17.56,89,13,2.98
362,Floro,NO,2022-05-09 20:36:53,61.5996,5.0328,55.47,53,100,14.97
363,Praia Da Vitoria,PT,2022-05-09 20:41:43,38.7333,-27.0667,66.76,88,40,3.56
364,Sinjar,IQ,2022-05-09 20:41:44,36.3209,41.8754,63.32,45,86,7.7
365,Zhaozhou,CN,2022-05-09 20:41:44,45.6833,125.3167,58.73,24,51,19.75
366,Zhigansk,RU,2022-05-09 20:41:45,66.7697,123.3711,10.96,92,13,7.72
367,Cidreira,BR,2022-05-09 20:42:45,-30.1811,-50.2056,66.96,82,0,12.26
368,Trincomalee,LK,2022-05-09 20:42:46,8.5711,81.2335,83.61,76,100,24.38
369,Okhotsk,RU,2022-05-09 20:42:47,59.3833,143.3,35.92,85,100,4.92
370,Antalya,TR,2022-05-09 20:38:56,36.7741,30.7178,65.08,75,40,5.75
371,Muros,ES,2022-05-09 20:42:48,42.7762,-9.0603,65.68,79,100,6.38
372,Kharp,RU,2022-05-09 20:42:48,66.8014,65.8081,32.05,96,100,4.7
373,Shiyan,CN,2022-05-09 20:42:49,32.6475,110.7781,50.34,96,72,1.79
374,Oranjemund,NA,2022-05-09 20:42:50,-28.55,16.4333,55.56,86,44,5.84
375,Bilibino,RU,2022-05-09 20:42:50,68.0546,166.4372,27.5,80,100,3.42
376,Bonthe,SL,2022-05-09 20:42:51,7.5264,-12.505,79.23,83,85,5.19
377,Palu,ID,2022-05-09 20:42:52,-0.8917,119.8707,75.81,97,100,2.42
378,Urumqi,CN,2022-05-09 20:42:54,43.801,87.6005,58.15,33,0,4.47
379,Champerico,GT,2022-05-09 20:42:54,14.3,-91.9167,95.54,67,100,9.71
380,Posse,BR,2022-05-09 20:42:55,-14.0931,-46.3694,74.16,37,8,5.3
381,Pietarsaari,FI,2022-05-09 20:42:56,63.65,22.6833,44.01,65,87,12.15
382,Bjornevatn,NO,2022-05-09 20:42:56,69.6672,29.9847,41.34,60,75,12.66
383,Ayolas,PY,2022-05-09 20:42:57,-27.4,-56.9,67.19,75,100,4.12
384,Jaisalmer,IN,2022-05-09 20:42:58,26.9147,70.9181,87.55,35,0,16.78
385,Klaksvik,FO,2022-05-09 20:42:58,62.2266,-6.589,47.32,99,100,14.52
386,Saskylakh,RU,2022-05-09 20:42:59,71.9167,114.0833,20.37,95,100,8.14
387,Ketchikan,US,2022-05-09 20:43:00,55.3422,-131.6461,61.27,39,0,11.5
388,Basco,PH,2022-05-09 20:43:00,20.4487,121.9702,82.76,71,31,16.42
389,The Valley,AI,2022-05-09 20:43:01,18.217,-63.0578,85.86,70,20,13.8
390,Bathurst,AU,2022-05-09 20:43:02,-33.4166,149.5806,52.83,85,99,10.16
391,Lagoa,PT,2022-05-09 20:43:03,39.05,-27.9833,63.5,79,49,3.11
392,Porto Novo,BJ,2022-05-09 20:43:04,6.4965,2.6036,84.02,82,70,7.61
393,Talcahuano,CL,2022-05-09 20:43:04,-36.7167,-73.1167,58.68,94,75,8.05
394,Ust-Koksa,RU,2022-05-09 20:43:05,50.2696,85.6108,34.97,62,1,0.96
395,Kilembe,UG,2022-05-09 20:43:06,0.2,30.0,60.64,85,32,5.08
396,Severo-Yeniseyskiy,RU,2022-05-09 20:43:06,60.3725,93.0408,12.47,98,53,1.9
397,Haines Junction,CA,2022-05-09 20:43:07,60.7522,-137.5108,41.45,76,100,3.53
398,Ayna,PE,2022-05-09 20:43:08,-12.65,-73.9167,69.67,67,59,3.27
399,Lorengau,PG,2022-05-09 20:43:09,-2.0226,147.2712,84.06,68,93,13.31
400,Hualmay,PE,2022-05-09 20:43:09,-11.0964,-77.6139,68.94,78,23,10.4
401,Saint-Augustin,CA,2022-05-09 20:43:10,51.226,-58.6502,51.24,53,62,7.85
402,Beringovskiy,RU,2022-05-09 20:43:10,63.05,179.3167,34.93,70,3,5.99
403,Khasan,RU,2022-05-09 20:43:11,42.4308,130.6434,48.07,58,0,1.97
404,Zunyi,CN,2022-05-09 20:43:12,27.6867,106.9072,62.06,94,100,2.08
405,Altamira,BR,2022-05-09 20:43:12,-3.2033,-52.2064,77.09,94,40,3.44
406,Souillac,MU,2022-05-09 20:43:13,-20.5167,57.5167,73.78,94,40,1.14
407,Rocha,UY,2022-05-09 20:43:13,-34.4833,-54.3333,57.34,90,100,5.08
408,Artvin,TR,2022-05-09 20:43:14,41.1667,41.8333,44.47,88,91,2.73
409,Codajas,BR,2022-05-09 20:43:14,-3.8367,-62.0569,79.59,94,72,2.55
410,Larap,PH,2022-05-09 20:43:15,14.299,122.6504,77.58,88,11,6.69
411,Aklavik,CA,2022-05-09 20:43:15,68.2191,-135.0107,40.8,70,100,11.68
412,Kenitra,MA,2022-05-09 20:43:16,34.261,-6.5802,63.36,56,12,3.62
413,Taungdwingyi,MM,2022-05-09 20:43:16,20.0167,95.55,77.9,86,100,2.64
414,Portland,US,2022-05-09 20:42:56,45.5234,-122.6762,56.86,62,75,8.01
415,Oussouye,SN,2022-05-09 20:44:18,12.485,-16.5469,77.18,67,43,9.93
416,Gariaband,IN,2022-05-09 20:44:19,20.635,82.0614,79.47,59,42,3.83
417,Dingle,PH,2022-05-09 20:44:19,10.9995,122.6711,76.96,90,100,7.16
418,Hami,CN,2022-05-09 20:44:20,42.8,93.45,62.53,15,0,16.22
419,Sobolevo,RU,2022-05-09 20:44:21,54.4299,31.8996,38.57,66,72,6.46
420,Culaman,PH,2022-05-09 20:44:23,5.9603,125.6586,79.72,86,99,10.89
421,Madimba,TZ,2022-05-09 20:44:24,-10.4,40.3333,76.32,94,20,11.5
422,Panaba,MX,2022-05-09 20:44:24,21.2833,-88.2667,100.56,29,4,16.17
423,Abu Samrah,SY,2022-05-09 20:44:25,35.3029,37.1841,64.18,43,0,6.49
424,Mnogovershinnyy,RU,2022-05-09 20:44:26,53.9353,139.9242,32.34,95,86,3.33
425,Kursk,RU,2022-05-09 20:44:26,51.7303,36.1939,44.74,48,0,4.47
426,Mama,RU,2022-05-09 20:44:27,58.3106,112.8986,30.18,95,99,3.47
427,Karasjok,NO,2022-05-09 20:44:28,69.4719,25.5112,35.56,99,100,6.96
428,Esna,EG,2022-05-09 20:44:28,25.2934,32.554,89.62,12,97,16.75
429,Mehamn,NO,2022-05-09 20:44:29,71.0357,27.8492,35.51,87,74,5.01
430,Chicama,PE,2022-05-09 20:44:30,-7.8447,-79.1469,63.14,68,24,9.55
431,Doha,QA,2022-05-09 20:43:49,25.2867,51.5333,82.38,29,0,8.05
432,Evensk,RU,2022-05-09 20:44:31,61.95,159.2333,32.5,81,100,6.87
433,Plouzane,FR,2022-05-09 20:44:32,48.3833,-4.6167,59.32,85,75,8.05
434,Blyth,GB,2022-05-09 20:44:32,55.1271,-1.5086,57.76,74,20,12.66
435,Saint-Felicien,CA,2022-05-09 20:44:33,48.6501,-72.4491,68.5,16,40,5.75
436,Ambon,ID,2022-05-09 20:44:34,-3.6954,128.1814,77.14,94,40,3.44
437,Kibala,TD,2022-05-09 20:44:34,9.1104,18.3463,85.95,70,0,0.0
438,Wanning,CN,2022-05-09 20:44:35,18.8003,110.3967,77.02,94,81,5.35
439,Poum,NC,2022-05-09 20:44:36,-20.2333,164.0167,75.52,72,13,11.72
440,Mao,ES,2022-05-09 20:44:36,39.8885,4.2658,59.56,77,0,5.75
441,Morant Bay,JM,2022-05-09 20:44:37,17.8815,-76.4093,87.71,64,37,10.47
442,Mehran,IR,2022-05-09 20:44:38,33.1222,46.1646,74.75,23,0,6.02
443,Taoudenni,ML,2022-05-09 20:44:39,22.6783,-3.9836,89.71,9,1,11.45
444,Cabo San Lucas,MX,2022-05-09 20:44:39,22.8909,-109.9124,88.61,26,0,6.91
445,Erzin,TR,2022-05-09 20:44:40,36.9559,36.2,60.62,71,64,3.38
446,Kupang,ID,2022-05-09 20:44:41,-10.1667,123.5833,75.6,80,100,7.61
447,Jiwani,PK,2022-05-09 20:44:41,25.05,61.7417,84.78,65,0,19.26
448,Coihaique,CL,2022-05-09 20:44:42,-45.5752,-72.0662,49.95,57,40,3.44
449,Iralaya,HN,2022-05-09 20:44:42,15.0,-83.2333,84.88,66,92,9.84
450,La Grande,US,2022-05-09 20:44:43,45.3246,-118.0877,48.02,54,100,10.29
451,Hovd,MN,2022-05-09 20:44:44,48.0056,91.6419,34.54,33,0,2.33
452,Asfi,MA,2022-05-09 20:44:45,32.2994,-9.2372,68.54,69,3,10.92
453,Tilichiki,RU,2022-05-09 20:44:46,60.4667,166.1,32.4,89,100,3.8
454,Uray,RU,2022-05-09 20:44:46,60.1247,64.7758,49.46,61,58,6.42
455,Kurgunta,IN,2022-05-09 20:44:47,17.2,77.35,88.38,26,100,6.91
456,Itupiranga,BR,2022-05-09 20:44:47,-5.1347,-49.3267,88.12,92,100,2.28
457,Boa Vista,BR,2022-05-09 20:44:48,2.8197,-60.6733,85.98,66,75,9.22
458,Hirara,JP,2022-05-09 20:45:48,24.8,125.2833,72.99,86,100,7.61
459,Bangui,CF,2022-05-09 20:45:49,4.3612,18.555,82.58,74,90,0.0
460,Noumea,NC,2022-05-09 20:45:49,-22.2763,166.4572,73.99,99,83,9.98
461,Methoni,GR,2022-05-09 20:45:50,36.8197,21.7049,64.22,84,6,8.37
462,Bako,ET,2022-05-09 20:45:50,5.7833,36.5667,63.54,86,86,4.43
463,Araouane,ML,2022-05-09 20:45:51,18.9048,-3.5265,84.27,6,0,9.53
464,Isangel,VU,2022-05-09 20:45:51,-19.55,169.2667,77.07,71,98,18.32
465,Kasongo-Lunda,CD,2022-05-09 20:45:52,-6.4667,16.8167,73.09,78,25,0.87
466,Antropovo,RU,2022-05-09 20:45:52,58.3988,43.0066,38.16,77,100,11.03
467,Hays,US,2022-05-09 20:45:53,30.0502,-98.0336,94.93,53,0,8.01
468,Wanxian,CN,2022-05-09 20:45:53,30.8039,108.3897,68.11,95,36,2.59
469,Touros,BR,2022-05-09 20:41:45,-5.1989,-35.4608,77.58,87,18,13.49
470,Eyl,SO,2022-05-09 20:45:54,7.9803,49.8164,83.68,83,79,10.13
471,Kushiro,JP,2022-05-09 20:45:54,42.975,144.3747,45.03,70,33,13.73
472,Yining,CN,2022-05-09 20:45:55,29.0361,114.5636,64.38,99,100,3.31
473,Vitry-Le-Francois,FR,2022-05-09 20:45:55,48.7333,4.5833,65.26,83,13,3.04
474,Yeppoon,AU,2022-05-09 20:45:56,-23.1333,150.7333,67.78,84,93,18.39
475,Mahajanga,MG,2022-05-09 20:45:56,-15.7167,46.3167,80.62,78,20,5.75
476,Nantucket,US,2022-05-09 20:45:57,41.2835,-70.0995,53.71,57,100,33.38
477,Launceston,AU,2022-05-09 20:45:57,-41.45,147.1667,45.16,93,100,5.75
478,Sorong,ID,2022-05-09 20:45:58,-0.8833,131.25,78.57,90,100,9.86
479,Phangnga,TH,2022-05-09 20:45:58,8.4509,98.5298,78.84,92,90,2.28
480,Funadhoo,MV,2022-05-09 20:45:59,6.15,73.2667,84.79,72,100,21.52
481,Andros Town,BS,2022-05-09 20:45:59,24.7,-77.7667,80.56,69,39,15.86
482,Quirinopolis,BR,2022-05-09 20:46:00,-18.4483,-50.4517,78.58,38,4,3.87
483,Barra Patuca,HN,2022-05-09 20:46:00,15.8,-84.2833,85.06,67,100,12.53
484,Jumla,NP,2022-05-09 20:46:01,29.2747,82.1838,55.33,83,66,1.28
485,Biltine,TD,2022-05-09 20:46:01,14.5333,20.9167,89.42,8,12,3.98
486,Hearst,CA,2022-05-09 20:46:02,49.6835,-83.6665,70.05,22,94,14.16
487,Hasaki,JP,2022-05-09 20:46:02,35.7333,140.8333,54.0,78,100,18.05
488,Podporozhye,RU,2022-05-09 20:46:03,60.9112,34.1706,34.59,79,7,3.36
489,Corsicana,US,2022-05-09 20:41:17,32.0954,-96.4689,91.26,62,40,16.11
490,Poronaysk,RU,2022-05-09 20:46:04,49.2167,143.1167,37.33,74,78,7.85
491,Papara,BR,2022-05-09 20:46:05,-3.9839,-38.7273,81.0,87,100,2.46
492,Springdale,US,2022-05-09 20:46:05,36.1867,-94.1288,86.22,69,20,21.85
493,Kinablangan,PH,2022-05-09 20:46:06,7.6947,126.5503,78.12,90,100,2.37
494,Saint Austell,GB,2022-05-09 20:46:06,50.3383,-4.7658,57.09,94,75,11.5
495,Opelousas,US,2022-05-09 20:41:10,30.5335,-92.0815,90.9,51,0,11.5
496,Roald,NO,2022-05-09 20:46:07,62.5833,6.1333,58.12,71,0,9.22
497,Gohpur,IN,2022-05-09 20:46:08,26.8833,93.6333,71.92,90,5,2.06
498,Nakamura,JP,2022-05-09 20:46:08,32.9833,132.9333,60.84,95,87,2.71
499,Tessalit,ML,2022-05-09 20:46:09,20.1986,1.0114,84.27,6,0,8.28
500,Naryan-Mar,RU,2022-05-09 20:46:09,67.6713,53.087,20.71,90,13,8.84
501,Teluk Intan,MY,2022-05-09 20:46:10,4.0259,101.0213,80.62,95,97,1.9
502,Yerbogachen,RU,2022-05-09 20:46:10,61.2767,108.0108,23.56,90,21,1.57
503,Luena,AO,2022-05-09 20:46:11,-11.7833,19.9167,62.35,61,5,4.36
504,Turayf,SA,2022-05-09 20:47:12,31.6725,38.6637,70.05,32,0,11.5
505,Funtua,NG,2022-05-09 20:47:12,11.5233,7.3081,77.56,63,98,13.85
506,Boralday,KZ,2022-05-09 20:47:13,43.3578,76.8594,62.46,67,40,6.71
507,Puerto Baquerizo Moreno,EC,2022-05-09 20:47:14,-0.9,-89.6,77.99,73,75,13.8
508,Wajima,JP,2022-05-09 20:47:15,37.4,136.9,53.64,69,6,11.12
509,Suchdol Nad Luznici,CZ,2022-05-09 20:47:16,48.89,14.8772,54.12,90,15,2.91
510,Joensuu,FI,2022-05-09 20:47:17,62.6012,29.7632,37.89,70,0,3.44
511,Vysokogornyy,RU,2022-05-09 20:47:18,50.1167,139.15,37.63,77,34,0.92
512,Werda,BW,2022-05-09 20:47:18,-25.2667,23.2833,58.21,35,0,3.06
513,Guarapuava,BR,2022-05-09 20:44:44,-25.3953,-51.4581,56.37,86,1,1.1
514,Imeni Poliny Osipenko,RU,2022-05-09 20:47:19,52.4201,136.4853,36.88,69,5,2.53
515,San Jose,US,2022-05-09 20:45:12,37.3394,-121.895,63.91,41,40,10.36
516,Manali,IN,2022-05-09 20:47:20,13.1667,80.2667,86.09,84,100,7.78
517,College,US,2022-05-09 20:47:20,64.8569,-147.8028,39.09,86,75,12.66
518,Kalabo,ZM,2022-05-09 20:47:21,-14.97,22.6814,64.65,44,0,5.5
519,Atwater,US,2022-05-09 20:47:21,37.3477,-120.6091,64.83,32,20,4.61
520,Islamkot,PK,2022-05-09 20:47:22,24.6997,70.177,77.72,82,0,14.18
521,Tanout,NE,2022-05-09 20:47:22,14.9709,8.8879,95.02,21,82,2.01
522,Kaniama,CD,2022-05-09 20:47:23,-7.5667,24.1833,70.47,78,31,3.98
523,Mahanje,TZ,2022-05-09 20:47:23,-9.9333,35.3333,62.51,87,45,1.68
524,Oga,IT,2022-05-09 20:47:24,46.4631,10.347,50.68,95,83,0.94
525,Saint-Francois,FR,2022-05-09 20:47:24,46.4154,3.9054,60.24,77,0,3.44
526,Mashhad,IR,2022-05-09 20:47:20,36.297,59.6062,53.74,94,20,4.61
527,Fortuna,US,2022-05-09 20:47:25,40.5982,-124.1573,54.93,79,100,4.0
528,Shurugwi,ZW,2022-05-09 20:47:25,-19.6702,30.0059,57.06,65,5,3.15
529,Paita,PE,2022-05-09 20:47:26,-5.0892,-81.1144,69.48,77,69,16.04
530,Kamina,CD,2022-05-09 20:47:27,-8.7386,24.9906,67.24,79,0,2.06
531,Sainte-Marie,RE,2022-05-09 20:47:27,-20.8968,55.5496,71.76,79,0,8.05
532,Shache,CN,2022-05-09 20:47:28,38.4167,77.2406,69.71,20,5,6.78
533,Prince Rupert,CA,2022-05-09 20:45:35,54.3161,-130.3201,50.09,86,100,8.05
534,Livny,RU,2022-05-09 20:47:28,52.4253,37.6069,40.42,66,5,11.9
535,Falun,SE,2022-05-09 20:47:29,60.6036,15.626,54.01,53,73,6.04
536,Zafra,ES,2022-05-09 20:47:29,38.4167,-6.4167,69.8,37,82,1.5
537,Hokitika,NZ,2022-05-09 20:47:30,-42.7167,170.9667,54.19,79,1,6.06
538,Hurghada,EG,2022-05-09 20:47:30,27.2574,33.8129,84.24,26,0,0.0
539,Beeville,US,2022-05-09 20:47:31,28.4008,-97.7483,90.63,55,100,17.27
540,Huilong,CN,2022-05-09 20:47:31,31.8111,121.655,61.93,89,100,8.86
541,Cocal,BR,2022-05-09 20:47:32,-28.6167,-49.35,62.53,89,0,3.4
542,Rosita,NI,2022-05-09 20:47:32,13.9268,-84.4032,93.9,42,80,6.38
543,Dagda,LV,2022-05-09 20:47:33,56.0951,27.5372,37.02,63,17,2.95
544,Arawa,PG,2022-05-09 20:47:34,-6.2132,155.5367,80.1,86,89,2.84
545,Shinuhayr,AM,2022-05-09 20:47:34,39.4367,46.3179,43.43,97,100,1.63
546,Teguise,ES,2022-05-09 20:47:35,29.0605,-13.564,70.02,60,0,11.5
547,Tahe,CN,2022-05-09 20:47:35,52.3333,124.7333,48.13,59,100,12.48
548,Beyneu,KZ,2022-05-09 20:47:36,45.3167,55.2,54.72,86,63,24.0
549,Westerland,DE,2022-05-09 20:47:36,54.9079,8.3033,55.42,67,100,6.91
550,Auki,SB,2022-05-09 20:47:36,-8.7676,160.7034,81.03,81,45,4.43
551,Nyaunglebin,MM,2022-05-09 20:47:37,17.95,96.7333,76.77,92,97,3.62
552,Gornoye Loo,RU,2022-05-09 20:48:37,43.7129,39.6049,51.58,90,29,4.54
553,Atasu,KZ,2022-05-09 20:48:38,48.6814,71.6433,53.87,40,95,17.98
554,Bac Lieu,VN,2022-05-09 20:48:38,9.285,105.7244,82.06,83,100,7.76
555,Arkhangelsk,RU,2022-05-09 20:48:39,64.5401,40.5433,32.11,74,20,2.24
556,Boton,PH,2022-05-09 20:48:39,12.9287,124.0479,78.84,82,100,6.33
557,Aberdeen,GB,2022-05-09 20:48:40,57.1437,-2.0981,54.66,85,100,18.41
558,Cajabamba,PE,2022-05-09 20:48:40,-7.6167,-78.05,69.3,45,19,6.06
559,Kedougou,SN,2022-05-09 20:48:41,12.5579,-12.1743,89.91,45,100,4.61
560,Sibolga,ID,2022-05-09 20:48:41,1.7427,98.7792,78.51,89,100,3.06
561,Serebryanyy Bor,RU,2022-05-09 20:48:42,56.8,124.8,30.51,97,100,10.11
562,Jepara,ID,2022-05-09 20:48:42,-5.1695,105.7044,77.32,94,87,2.28
563,Monrovia,LR,2022-05-09 20:45:29,6.3005,-10.7969,79.9,81,50,8.72
564,Pangody,RU,2022-05-09 20:48:44,65.85,74.4859,35.15,99,100,12.86
565,Gushi,CN,2022-05-09 20:48:44,34.6425,109.5843,49.21,91,1,2.95
566,Torbay,CA,2022-05-09 20:48:44,47.6666,-52.7314,43.29,49,20,6.91
567,Tupik,RU,2022-05-09 20:48:45,54.4253,119.9327,30.13,96,100,7.58
568,Shenjiamen,CN,2022-05-09 20:48:45,29.9576,122.298,61.68,93,97,7.25
569,Le Port,RE,2022-05-09 20:48:46,-20.9373,55.2919,71.6,68,13,2.73
570,Shingu,JP,2022-05-09 20:48:46,33.7333,135.9833,59.02,91,100,7.63
571,Avera,US,2022-05-09 20:48:47,33.194,-82.5271,72.91,38,0,7.09
572,Chauk,MM,2022-05-09 20:48:47,20.8833,94.8167,78.57,81,100,2.1
